{"valueType":"relations","values":[[{"_typeName":"TranslatedString","id":"cjn25ymzg000u0b82qhjdyxna"},{"_typeName":"Technology","id":"cjn26033f001u0b82yab8g988","fieldName":"description"}],[{"_typeName":"TranslatedString","id":"cjn25xnq0000h0b826fycqz7s"},{"_typeName":"Project","id":"cjn262r34003c0b822ktimqj9","fieldName":"complete_description"}],[{"_typeName":"Project","id":"cjn262r34003c0b822ktimqj9","fieldName":"images"},{"_typeName":"Image","id":"cjn261rbs002y0b82ewelepyq"}],[{"_typeName":"Technology","id":"cjn26033f001u0b82yab8g988","fieldName":"projects"},{"_typeName":"Project","id":"cjn262r34003c0b822ktimqj9","fieldName":"technologies"}],[{"_typeName":"TechnologyType","id":"cjn25ze8c001a0b829oy0kiml","fieldName":"technologies"},{"_typeName":"Technology","id":"cjn26033f001u0b82yab8g988","fieldName":"type"}],[{"_typeName":"TranslatedString","id":"cjn25z5nq00130b82yiayfr6h"},{"_typeName":"TechnologyType","id":"cjn25ze8c001a0b829oy0kiml","fieldName":"name"}],[{"_typeName":"TranslatedString","id":"cjn260nek002k0b82xzuee4ws"},{"_typeName":"Project","id":"cjn262r34003c0b822ktimqj9","fieldName":"description"}]]}